﻿<?xml version="1.0" encoding="UTF-8"?>
<Project ID="Arma2">
  <Package ID="Missions">
    <Container ID="">
	<Key ID="STR_missionname">
		<Original>
		Please wait...
		</Original>
	</Key>
	<Key ID="STR_timeOfDay">
		<English>
		Time of Day
		</English>
		<German>
		Tageszeit
		</German>
		<Russian>
		Время суток
		</Russian>
	</Key>
	<Key ID="STR_timeOfDay_Option0">
		<English>
		Dawn
		</English>
		<Czech>
		Svítání
		</Czech>
		<German>
		Morgendämmerung
		</German>
		<Polish>
		Swit
		</Polish>
		<Russian>
		Рассвет
		</Russian>
		<Spanish>
		Amanecer
		</Spanish>
		<French>
		Aube
		</French>
	</Key>
	<Key ID="STR_timeOfDay_Option1">
		<English>
		Early Morning
		</English>
		<German>
		Früher Morgen
		</German>
		<Polish>
		Wczesny Ranek
		</Polish>
		<Russian>
		Раннее утро
		</Russian>
		<French>
		Matin
		</French>
	</Key>
	<Key ID="STR_timeOfDay_Option2">
		<English>
		Morning
		</English>
		<German>
		Morgen
		</German>
		<Polish>
		Ranek
		</Polish>
		<Russian>
		Утро
		</Russian>
		<French>
		Matinée
		</French>
	</Key>
	<Key ID="STR_timeOfDay_Option3">
		<English>
		Noon
		</English>
		<Czech>
		Poledne
		</Czech>
		<German>
		Mittag
		</German>
		<Polish>
		Poludnie
		</Polish>
		<Russian>
		Полдень
		</Russian>
		<Spanish>
		Mediodía
		</Spanish>
		<French>
		Midi
		</French>
	</Key>
	<Key ID="STR_timeOfDay_Option4">
		<English>
		Afternoon
		</English>
		<German>
		Nachmittag
		</German>
		<Polish>
		Popołudnie
		</Polish>
		<Russian>
		Середина дня
		</Russian>
		<French>
		Après-midi
		</French>
	</Key>
	<Key ID="STR_timeOfDay_Option5">
		<English>
		Evening
		</English>
		<German>
		Abend
		</German>
		<Polish>
		Wieczór
		</Polish>
		<Russian>
		Вечер
		</Russian>
		<French>
		Soirée
		</French>
	</Key>
	<Key ID="STR_timeOfDay_Option6">
		<English>
		Dusk
		</English>
		<Czech>
		Soumrak
		</Czech>
		<German>
		Abenddämmerung
		</German>
		<Polish>
		Zmierzch
		</Polish>
		<Russian>
		Сумерки
		</Russian>
		<Spanish>
		Atardecer
		</Spanish>
		<French>
		Soir
		</French>
	</Key>
	<Key ID="STR_timeOfDay_Option7">
		<English>
		Night
		</English>
		<Czech>
		Noc
		</Czech>
		<German>
		Nacht
		</German>
		<Polish>
		Noc
		</Polish>
		<Russian>
		Ночь
		</Russian>
		<Spanish>
		Noche
		</Spanish>
		<French>
		Nuit
		</French>
	</Key>
	<Key ID="STR_weather">
		<English>
		Weather
		</English>
		<German>
		Wetter
		</German>
		<Russian>
		Погода
		</Russian>
	</Key>
	<Key ID="STR_weather_Option0">
		<English>
		Clear
		</English>
		<Czech>
		Jasno
		</Czech>
		<German>
		Klar
		</German>
		<Polish>
		Czysto
		</Polish>
		<Russian>
		Безоблачно
		</Russian>
		<Spanish>
		Despejado
		</Spanish>
		<French>
		Dégagé
		</French>
	</Key>
	<Key ID="STR_weather_Option1">
		<English>
		Overcast
		</English>
		<Czech>
		Zataženo
		</Czech>
		<German>
		Bewölkt
		</German>
		<Polish>
		Zachmurzenie
		</Polish>
		<Russian>
		Облачно
		</Russian>
		<Spanish>
		Nublado
		</Spanish>
		<French>
		Couvert
		</French>
	</Key>
	<Key ID="STR_weather_Option2">
		<English>
		Light Fog
		</English>
		<Czech>
		Slabá mlha
		</Czech>
		<German>
		Leichter Nebel
		</German>
		<Polish>
		Lekka Mgla
		</Polish>
		<Russian>
		Туман
		</Russian>
		<Spanish>
		Bruma
		</Spanish>
		<French>
		Brume
		</French>
	</Key>
	<Key ID="STR_weather_Option3">
  		<English>
		Heavy Fog
		</English>
  		<Czech>
		Hustá mlha
		</Czech>
  		<German>
		Dichter Nebel
		</German>
  		<Polish>
		Ciezka Mgla
		</Polish>
  		<Russian>
		Густой туман
		</Russian>
  		<Spanish>
		Niebla
		</Spanish>
  		<French>
		Brouillard
		</French>
	</Key>
	<Key ID="STR_weather_Option4">
		<English>
		Storm
		</English>
		<Czech>
		Boure
		</Czech>
		<German>
		Gewitter
		</German>
		<Polish>
		Burza
		</Polish>
		<Russian>
		Гроза
		</Russian>
		<Spanish>
		Tormenta
		</Spanish>
		<French>
		Averse
		</French>
	</Key>
	<Key ID="STR_briefing_mode">
		<English>
		Briefing ingame
		</English>
		<Russian>
		Брифинг ингейм
		</Russian>
	</Key>
	<Key ID="STR_briefing_mode_Option0">
		<English>
		Without briefing
		</English>
		<Russian>
		Без брифинга
		</Russian>
	</Key>
	<Key ID="STR_briefing_mode_Option1">
		<English>
		2 min
		</English>
		<Russian>
		2 минуты
		</Russian>
	</Key>
	<Key ID="STR_briefing_mode_Option2">
		<English>
		Start when ready
		</English>
		<Russian>
		Старт по готовности
		</Russian>
	</Key>
	<Key ID="STR_On">
  		<English>
		ON
		</English>
		<Czech>
		ON
		</Czech>
		<German>
		ON
		</German>
		<Polish>
		On
		</Polish>
		<Russian>
		Вкл.
		</Russian>
		<Spanish>
		On
		</Spanish>
		<French>
		On
		</French>
	</Key>
	<Key ID="STR_Off">
  		<English>
		Off
		</English>
		<Czech>
		Off
		</Czech>
		<German>
		OFF
		</German>
		<Polish>
		Off
		</Polish>
		<Russian>
		Выкл.
		</Russian>
		<Spanish>
		Off
		</Spanish>
		<French>
		Off
		</French>
	</Key>
	<Key ID="UAV_Launch">
		<English>
		Launch UAV
		</English>
		<Czech>
		Spuštění UAV
		</Czech>
		<German>
		Launch UAV
		</German>
		<Polish>
		Launch UAV
		</Polish>
		<Russian>
		Запуск БПЛА
		</Russian>
		<Spanish>
		Ejecutar Drone
		</Spanish>
		<French>
		Lancement UAV
		</French>
	</Key>
	<Key ID="UAV_LaunchOnMap">
		<English>
		Right Click on Map for Launch UAV to desired location
		</English>
		<Czech>
		Klikněte pravým tlačítkem myši na mapě pro spuštění UAV na požadované místo
		</Czech>
		<German>
		Der rechten Maustaste auf Karte klicken für UAV Launch
		</German>
		<Polish>
		Kliknij prawym przyciskiem myszy na mapie do uruchomienie UAV do wybranego miejsca
		</Polish>
		<Russian>
		Щелкните правой кнопкой мыши на карте для запуска БПЛА в нужное место
		</Russian>
		<Spanish>
		Haga clic en el mapa para lanzar el UAV
		</Spanish>
		<French>
		Clic droit sur la carte pour le lancement de Drone à l'endroit souhaité
		</French>
	</Key>
	<Key ID="UAV_Operate">
		<English>
		UAV
		</English>
		<Czech>
		UAV
		</Czech>
		<German>
		UAV
		</German>
		<Polish>
		UAV
		</Polish>
		<Russian>
		БПЛА
		</Russian>
		<Spanish>
		UAV
		</Spanish>
		<French>
		Drone
		</French>
	</Key>
	<Key ID="STR_UAV">
  		<English>
		UAV
		</English>
		<Czech>
		UAV
		</Czech>
		<German>
		UAV
		</German>
		<Polish>
		UAV
		</Polish>
		<Russian>
		БПЛА
		</Russian>
		<Spanish>
		UAV
		</Spanish>
		<French>
		Drone
		</French>
	</Key>
	<Key ID="UAV_ReadyToLaunch">
		<English>
		UAV ready to launch
		</English>
		<Czech>
		UAV připraven ke spuštění
		</Czech>
		<German>
		UAV startbereit
		</German>
		<Polish>
		UAV gotowy do uruchomienia
		</Polish>
		<Russian>
		БПЛА готов к запуску
		</Russian>
		<Spanish>
		UAV listo para lanzar
		</Spanish>
		<French>
		Drone prêt à lancer
		</French>
	</Key>
	<Key ID="UAV_ReadyToLaunch">
		<English>
		UAV ready to launch
		</English>
		<Czech>
		UAV připraven ke spuštění
		</Czech>
		<German>
		UAV startbereit
		</German>
		<Polish>
		UAV gotowy do uruchomienia
		</Polish>
		<Russian>
		БПЛА готов к запуску
		</Russian>
		<Spanish>
		UAV listo para lanzar
		</Spanish>
		<French>
		Drone prêt à lancer
		</French>
	</Key>
	<Key ID="STR_BigBrother">
  		<English>
		Big Brother
		</English>
		<Czech>
		Big Brother
		</Czech>
		<German>
		Big Brother
		</German>
		<Polish>
		Big Brother
		</Polish>
		<Russian>
		Большой Брат
		</Russian>
		<Spanish>
		Big Brother
		</Spanish>
		<French>
		Big Brother
		</French>
	</Key>
	<Key ID="dead_call">
		<Russian>
		Все %1 погибли...
		</Russian>
		<Original>
		All %1 KIA...
		</Original>
	</Key>
	<Key ID="ru_call">
		<Russian>
		мотострелки РА
		</Russian>
		<Original>
		russian troops
		</Original>
	</Key>
	<Key ID="usmc_call">
		<Russian>
		морпехи США
		</Russian>
		<Original>
		USMC troops
		</Original>
	</Key>
	<Key ID="usarmy_call">
		<Russian>
		солдаты Армии США
		</Russian>
		<Original>
		US Army solgiers
		</Original>
	</Key>
	<Key ID="napa_call">
		<Russian>
		бойцы НАПА
		</Russian>
		<Original>
		NAPA mercenary
		</Original>
	</Key>
	<Key ID="ta_call">
		<Russian>
		бойцы Армии Такистана
		</Russian>
		<Original>
		TA troops
		</Original>
	</Key>
	<Key ID="pot_call">
		<Russian>
		Войны Аллаха
		</Russian>
		<Original>
		Mujahideen
		</Original>
	</Key>

	<Key ID="situation_title">
		<Original>
		Общее положение дел
		</Original>
	</Key>
	<Key ID="task_title">
		<Original>
		Поставленная задача
		</Original>
	</Key>
	<Key ID="execution_title">
		<Original>
		Исполнение
		</Original>
	</Key>
	<Key ID="machinery_title">
		<Original>
		Техника и вооружение
		</Original>
	</Key>
	<Key ID="enemy_title">
		<Original>
		Противник
		</Original>
	</Key>

	<Key ID="situation_us">
		<Original>&lt;br/&gt;
		Обстановка в стране существенно ухудшилась. В Заргабаде третий день не прекращаются массовые беспорядки. Местные власти не в состоянии контроллировать ситуацию. Было принято решение об срочной эвакуации из города гражданского персонала консульства США и миссии ООН. Проведение операции пручено эскадрону `С` 1-го оперативного отряда Специального Назначения при поддержки взвода рейнджеров из 2-го Отдельного Батальона.&lt;br/&gt;
		&lt;br/&gt;
		В разгар операции моджахеды предприняли попытку захвата &lt;marker name = "un"&gt;миссии ООН&lt;/marker&gt;. Операторам `Дельты` удалось отразить атаку без потерь среди личного состава и сотрудников миссии.&lt;br/&gt;
		Большую часть персонала успешно эвакуировали до нападения, но в городе по-прежнему оставются пять сотрудников, в т.ч. и представитель США при миссии.&lt;br/&gt;
		Ситуация осложнена тем, что во время боя была серьёзно повреждёна машина миссии, на которой планировалась вывезти оставшийся персонал, и, кроме того, пробит бензобак `Хамви` `Дельты`. Поломка не серьёзная, но пока шёл бой топливо из бака успело вытечь. Дальнейшая эвакуация силами CAG не возможна, поэтому решено было задействовать рейнджеров.&lt;br/&gt;
		</Original>
	</Key>
	<Key ID="task_us">
		<Original>&lt;br/&gt;
		Наша задача обеспечить безопасную эвакуацию &lt;marker name = "un"&gt;сотрудников миссии ООН и операторов "Дельты"&lt;/marker&gt; на &lt;marker name = "base"&gt;базу США&lt;/marker&gt; до того, как противник предпримет новую атаку.
		&lt;br/&gt;
		</Original>
	</Key>
	<Key ID="execution_us">
		<Original>&lt;br/&gt;
		&lt;marker name = "us23"&gt;Мобильная эвакуационная группа (отделения `Альфа` и `Браво`)&lt;/marker&gt; движется в североном направлении по шоссе к югу Заргабада. В их распоряжении три `Хамви` M1151 и грузовк MVTR.&lt;br/&gt;
		&lt;marker name = "base"&gt;Командование взвода и группа усиления (отделение `Чарли`)&lt;/marker&gt; находятся на базе. Комадование распологает утилитарным HMMWV, группа усиления - два `Хамви` M1151 и один M1025&lt;br/&gt;
		&lt;marker name = "un"&gt;Отряд `Дельта`&lt;/marker&gt; закрепился в здании миссии ООН - во довре из подручных средств собраны укрепления, на крыше размещены два пулемёта М2. Во дворе повреждённый M1114 CROWS&lt;br/&gt;
		&lt;br/&gt;
		</Original>
	</Key>
	<Key ID="machinery_us">
		<Original>&lt;br/&gt;
		HQ Rengers:
		&lt;br/&gt;- 1х M16A4 ACOG c M203
		&lt;br/&gt;- 1х М16A4
		&lt;br/&gt;- 1х M249
		&lt;br/&gt;- 2х M4A1
		&lt;br/&gt;HMMWV x1
		&lt;br/&gt;&lt;br/&gt;
		EVAC Team:
		&lt;br/&gt;- 6х M16A4 ACOG, из них 4х M16A4 ACOG c M203
		&lt;br/&gt;- 4х M249
		&lt;br/&gt;- 8х M4A1 CCO
		&lt;br/&gt;- 2х M136		
		&lt;br/&gt;M1151 x3, MVTR x1
		&lt;br/&gt;&lt;br/&gt;
		Heavy Weapon Team:
		&lt;br/&gt;- 4х M16A4 ACOG, из них 3х M16A4 ACOG c M203
		&lt;br/&gt;- 2х M240
		&lt;br/&gt;- 6х M4A1
		&lt;br/&gt;- 1х M136
		&lt;br/&gt;- 1х SMAW
		&lt;br/&gt;M1151 x2, M1025 x1
		&lt;br/&gt;&lt;br/&gt;
		Delta Force Team:
		&lt;br/&gt;- 1х M4A1 SOC GCO x4
		&lt;br/&gt;- 4х M4A1 SOC CCO, из них 2х M4A1 c M203
		&lt;br/&gt;- 1х Мk.48
		&lt;br/&gt;- 1х M249 SAW
		&lt;br/&gt;- 1х M24
		&lt;br/&gt;- 1х DMR
		&lt;br/&gt;M1114 CROWS (без топлива)
		&lt;br/&gt;&lt;br/&gt;
		</Original>
	</Key>
	<Key ID="enemy_us">
		<Original>
		По данным разведки в городе находится группа моджахедов от 30 до 50 человек. Противник вооружен приемущественно старым совестким стрелковым вооруженим и РПГ. Однако есть сведения, что в их распоряжении имеются один или два миномёта 2Б14 `Поднос`.
		</Original>
	</Key>

	<Key ID="situation_ru">
		<Original>
		&lt;marker name = "ru_2"&gt;
		</Original>
	</Key>
	<Key ID="task_ru">
		<Original>
		...
		</Original>
	</Key>
	<Key ID="machinery_ru">
		<Original>
		...
		</Original>
	</Key>
	<Key ID="execution_ru">
		<Original>
		...
		</Original>
	</Key>
	<Key ID="enemy_ru">
		<Original>
		...
		</Original>
	</Key>

	<Key ID="situation_gue">
		<Original>
		Именем Аллаха, Милостивого и Милосердного.
		По милости Аллаха и по воле Аллаха, Всевышний свёл нас сегодня вместе потому, что все мы — муджахиды вышли на путь Джихада, чтобы установить закон Аллаха на этой земле.
		Третий день, братья, мы ведём свещенный бой против приспешников Иблиса на родной земле. Уже много наших братьев и сестёр стали Шахидами, иншаЛлах, но 
		&lt;marker name = "ru_2"&gt;
		</Original>
	</Key>
	<Key ID="task_gue">
		<Original>
		...
		</Original>
	</Key>
	<Key ID="machinery_gue">
		<Original>
		...
		</Original>
	</Key>
	<Key ID="execution_gue">
		<Original>
		...
		</Original>
	</Key>
	<Key ID="enemy_gue">
		<Original>
		...
		</Original>
	</Key>

    </Container>
  </Package>
</Project>